Movie,Re-Watch Desire
The Dark Knight,
Fight Club,
It's a Wonderful Life,
Parasite,
The Lion King,
Whiplash,
WALL.E,
Coco,
Good Will Hunting,
Joker,
Your Name,
Eternal Sunshine of the Spotless Mind,
Up,
The Wolf of Wall Street,
Inside Out,
Catch Me If You Can,
"Monsters, Inc.",
Moana,
The Big Lebowski,
Logan,
Kung Fu Panda,
Office Space,
Moneyball,
Mulan,
Coraline,
The Lego Movie,
The Big Short,
The Social Network,
Big Hero 6,
Vice,
The Imitation Game,
Straight Outta Compton,
Big Fish,
Dallas Buyers Club,
La La Land,
The Nightmare Before Christmas,
Soul,
The Pursuit of Happyness,
Past Lives,
Everything Everywhere All At Once,
The Whale,
The Fabelmans,
The Farewell,
Lilo & Stitch,
Titanic,
Hercules,
Tarzan,
Cars,
Turning Red,
Uncut Gems,
